{"cameraMode":{"drawMode":0,"name":"Shaded","section":"Shading Mode"},"sceneLighting":false,"audioPlay":false,"sceneViewState":{"showFog":true,"showMaterialUpdate":false,"showSkybox":false,"showFlares":true,"showImageEffects":true,"showParticleSystems":true},"in2DMode":false,"pivot":{"x":5.696788787841797,"y":0.7363631725311279,"z":0.26068854331970217},"rotation":{"x":-0.2406238168478012,"y":0.4449608623981476,"z":-0.12545381486415864,"w":-0.8534467220306397},"size":9.197550773620606,"orthographic":false}