{"cameraMode":{"drawMode":0,"name":"Shaded","section":"Shading Mode"},"sceneLighting":true,"audioPlay":false,"sceneViewState":{"showFog":true,"showMaterialUpdate":false,"showSkybox":true,"showFlares":true,"showImageEffects":true,"showParticleSystems":true},"in2DMode":false,"pivot":{"x":0.17374534904956819,"y":0.11270345747470856,"z":-0.013941194862127304},"rotation":{"x":-0.06140894070267677,"y":0.7767450213432312,"z":-0.0766802579164505,"w":-0.6221063733100891},"size":0.5261041522026062,"orthographic":true}