{"cameraMode":{"drawMode":0,"name":"Shaded","section":"Shading Mode"},"sceneLighting":false,"audioPlay":false,"sceneViewState":{"showFog":true,"showMaterialUpdate":false,"showSkybox":false,"showFlares":true,"showImageEffects":true,"showParticleSystems":true},"in2DMode":false,"pivot":{"x":21.016189575195314,"y":-0.8836885094642639,"z":-3.699463367462158},"rotation":{"x":0.0465637631714344,"y":-0.8982045650482178,"z":0.09820276498794556,"w":0.4259302616119385},"size":0.9238581657409668,"orthographic":true}