{"cameraMode":{"drawMode":0,"name":"Shaded","section":"Shading Mode"},"sceneLighting":true,"audioPlay":false,"sceneViewState":{"showFog":true,"showMaterialUpdate":false,"showSkybox":false,"showFlares":true,"showImageEffects":true,"showParticleSystems":true},"in2DMode":false,"pivot":{"x":-1.4736590385437012,"y":0.5015344619750977,"z":-0.7249248027801514},"rotation":{"x":-0.2406238168478012,"y":0.4449608623981476,"z":-0.12545381486415864,"w":-0.8534467220306397},"size":41.16238021850586,"orthographic":false}